City_ID,City,Country,Date,Lat,Lng,Max Temp,Humidity,Cloudiness,Wind Speed
0,Iquique,CL,2020-08-05 17:48:09,-20.22,-70.14,62.6,63,8,12.75
1,Clyde River,CA,2020-08-05 17:48:09,70.47,-68.59,42.8,75,75,12.75
2,Kodiak,US,2020-08-05 17:48:09,57.79,-152.41,57.2,76,1,5.82
3,Vaini,TO,2020-08-05 17:48:09,-21.2,-175.2,57.2,100,20,6.33
4,Ushuaia,AR,2020-08-05 17:48:10,-54.8,-68.3,44.6,52,75,4.7
5,Jamestown,US,2020-08-05 17:43:14,42.1,-79.24,70.0,68,90,8.05
6,Thompson,CA,2020-08-05 17:46:18,55.74,-97.86,77.0,65,75,6.93
7,Punta Arenas,CL,2020-08-05 17:46:41,-53.15,-70.92,37.4,86,90,13.87
8,Severo-Kurilsk,RU,2020-08-05 17:48:10,50.68,156.12,50.76,92,100,10.71
9,Nieuw Amsterdam,SR,2020-08-05 17:48:10,5.88,-55.08,87.8,62,40,5.82
10,Uvinza,TZ,2020-08-05 17:48:10,-5.1,30.39,70.92,52,33,4.63
11,Vila Velha,BR,2020-08-05 17:43:46,-20.33,-40.29,73.99,64,75,14.99
12,Isangel,VU,2020-08-05 17:48:10,-19.55,169.27,67.1,72,1,4.99
13,Busselton,AU,2020-08-05 17:48:10,-33.65,115.33,48.99,81,8,7.65
14,Khatanga,RU,2020-08-05 17:48:10,71.97,102.5,56.34,93,99,11.01
15,Naze,JP,2020-08-05 17:46:54,28.37,129.48,80.6,88,20,3.36
16,Rikitea,PF,2020-08-05 17:48:11,-23.12,-134.97,70.77,82,100,10.94
17,Mataura,NZ,2020-08-05 17:48:11,-46.19,168.86,39.99,97,99,3.0
18,Linjiang,CN,2020-08-05 17:48:11,41.81,126.91,67.32,89,100,2.46
19,Srednekolymsk,RU,2020-08-05 17:47:19,67.45,153.68,48.15,76,2,4.45
20,Bredasdorp,ZA,2020-08-05 17:48:11,-34.53,20.04,48.2,81,64,4.7
21,Ancud,CL,2020-08-05 17:48:11,-41.87,-73.82,50.0,75,20,4.7
22,Cabo San Lucas,MX,2020-08-05 17:46:28,22.89,-109.91,95.0,52,5,9.17
23,Albany,US,2020-08-05 17:48:11,42.6,-73.97,82.99,36,2,1.01
24,Georgetown,MY,2020-08-05 17:47:16,5.41,100.34,84.2,88,20,4.7
25,Caravelas,BR,2020-08-05 17:48:11,-17.71,-39.25,73.29,68,33,11.03
26,Barrow,US,2020-08-05 17:42:10,71.29,-156.79,44.6,87,75,13.87
27,Tuktoyaktuk,CA,2020-08-05 17:48:11,69.45,-133.04,44.6,93,90,6.93
28,Saldanha,ZA,2020-08-05 17:45:43,-33.01,17.94,50.0,61,0,6.93
29,Great Falls,US,2020-08-05 17:45:11,47.5,-111.3,81.0,34,1,3.36
30,Atuona,PF,2020-08-05 17:46:16,-9.8,-139.03,77.94,71,30,18.92
31,Lavrentiya,RU,2020-08-05 17:46:42,65.58,-171.0,44.47,92,100,8.81
32,Puerto Ayora,EC,2020-08-05 17:46:23,-0.74,-90.35,77.0,65,40,21.92
33,Leiyang,CN,2020-08-05 17:48:12,26.4,112.86,80.87,77,38,8.46
34,Pevek,RU,2020-08-05 17:46:41,69.7,170.31,33.76,97,100,6.46
35,Longyearbyen,SJ,2020-08-05 17:41:44,78.22,15.64,51.8,81,75,4.7
36,Fort Nelson,CA,2020-08-05 17:46:37,58.81,-122.7,66.2,55,75,2.24
37,Lasa,IT,2020-08-05 17:46:40,46.62,10.7,64.4,52,5,4.7
38,Arraial Do Cabo,BR,2020-08-05 17:46:21,-22.97,-42.03,75.2,60,20,10.29
39,Pacific Grove,US,2020-08-05 17:44:19,36.62,-121.92,62.01,92,85,9.46
40,Kapaa,US,2020-08-05 17:48:13,22.08,-159.32,80.6,74,90,16.11
41,Butaritari,KI,2020-08-05 17:46:20,3.07,172.79,82.89,79,6,18.86
42,Araouane,ML,2020-08-05 17:48:13,18.9,-3.53,99.19,33,94,13.96
43,Cape Town,ZA,2020-08-05 17:43:55,-33.93,18.42,53.01,66,20,10.29
44,Roald,NO,2020-08-05 17:47:14,62.58,6.13,63.0,87,75,2.24
45,Port Alfred,ZA,2020-08-05 17:46:28,-33.59,26.89,57.83,85,100,14.97
46,Nelson Bay,AU,2020-08-05 17:47:14,-32.72,152.15,45.0,71,0,18.34
47,Foix,FR,2020-08-05 17:48:13,42.83,1.58,84.99,39,15,3.0
48,Mandali,IQ,2020-08-05 17:48:13,33.75,45.55,84.45,19,0,1.34
49,Pafos,CY,2020-08-05 17:48:13,34.77,32.42,80.6,88,20,12.75
50,Broken Hill,AU,2020-08-05 17:48:13,-31.95,141.43,46.4,42,75,8.05
51,Castro,BR,2020-08-05 17:46:40,-24.79,-50.01,72.68,36,0,3.47
52,Roma,US,2020-08-05 17:46:04,43.21,-75.46,75.0,49,20,14.99
53,Lata,PT,2020-08-05 17:46:50,40.16,-8.33,89.01,40,0,8.99
54,Taoudenni,ML,2020-08-05 17:46:23,22.68,-3.98,114.64,7,39,9.75
55,Allapalli,IN,2020-08-05 17:48:14,19.42,80.07,76.51,92,100,7.52
56,Tilichiki,RU,2020-08-05 17:48:14,60.47,166.1,46.24,79,42,5.86
57,Grindavik,IS,2020-08-05 17:46:31,63.84,-22.43,50.0,93,75,19.46
58,Geraldton,AU,2020-08-05 17:46:49,-28.77,114.6,48.2,93,1,5.82
59,Kahului,US,2020-08-05 17:47:02,20.89,-156.47,80.6,57,40,11.41
60,Hilo,US,2020-08-05 17:46:39,19.73,-155.09,73.4,78,75,3.36
61,Yar-Sale,RU,2020-08-05 17:46:48,66.83,70.83,60.15,57,12,8.3
62,Bera,BD,2020-08-05 17:48:14,24.08,89.62,83.21,82,64,16.84
63,Bluff,NZ,2020-08-05 17:46:15,-46.6,168.33,39.99,97,100,3.0
64,Alice Springs,AU,2020-08-05 17:43:52,-23.7,133.88,51.8,100,75,3.36
65,Lagoa,PT,2020-08-05 17:46:20,39.05,-27.98,70.66,74,76,11.95
66,Karacsond,HU,2020-08-05 17:48:15,47.73,20.03,75.2,73,65,5.82
67,San Cristobal,VE,2020-08-05 17:46:41,7.77,-72.22,89.6,43,40,26.4
68,Takhtamygda,RU,2020-08-05 17:48:15,54.1,123.57,54.37,87,86,2.77
69,Guerrero Negro,MX,2020-08-05 17:46:23,27.98,-114.06,75.4,61,80,9.66
70,Najran,SA,2020-08-05 17:46:51,17.49,44.13,89.6,31,75,16.11
71,Avarua,CK,2020-08-05 17:46:24,-21.21,-159.78,73.4,100,5,11.41
72,Cidreira,BR,2020-08-05 17:46:58,-30.18,-50.21,66.04,64,0,8.14
73,Baculin,PH,2020-08-05 17:48:15,7.45,126.58,79.11,80,100,3.44
74,Iqaluit,CA,2020-08-05 17:46:33,63.75,-68.51,66.2,63,75,16.11
75,Ponta Do Sol,PT,2020-08-05 17:46:34,32.67,-17.1,75.2,73,40,13.87
76,Saint-Philippe,RE,2020-08-05 17:48:15,-21.36,55.77,66.2,77,71,4.7
77,Mahebourg,MU,2020-08-05 17:46:25,-20.41,57.7,68.0,72,40,11.41
78,Hermanus,ZA,2020-08-05 17:46:17,-34.42,19.23,46.99,89,21,6.31
79,Faanui,PF,2020-08-05 17:47:05,-16.48,-151.75,77.92,82,37,14.9
80,Ribeira Grande,PT,2020-08-05 17:46:34,38.52,-28.7,77.0,61,40,12.75
81,Hasaki,JP,2020-08-05 17:46:42,35.73,140.83,75.0,100,20,3.36
82,Port Moresby,PG,2020-08-05 17:48:16,-9.44,147.18,74.88,91,87,5.35
83,Kashan,IR,2020-08-05 17:48:16,33.98,51.44,88.81,19,0,1.63
84,Sola,VU,2020-08-05 17:47:10,-13.88,167.55,75.87,81,20,17.63
85,Forest,US,2020-08-05 17:48:16,37.36,-79.29,88.0,51,20,3.83
86,Saint George,US,2020-08-05 17:42:00,37.1,-113.58,95.0,14,1,6.93
87,Yellowknife,CA,2020-08-05 17:46:08,62.46,-114.35,64.4,77,75,19.46
88,Kastrakion,GR,2020-08-05 17:48:16,39.72,21.62,70.0,62,40,1.01
89,Hambantota,LK,2020-08-05 17:46:32,6.12,81.12,79.21,85,91,14.83
90,Shimoni,KE,2020-08-05 17:48:16,-4.65,39.38,76.84,78,1,15.3
91,Batagay-Alyta,RU,2020-08-05 17:48:16,67.8,130.41,53.96,68,73,2.77
92,Ouallam,NE,2020-08-05 17:48:16,14.32,2.09,89.91,48,71,12.39
93,Yeppoon,AU,2020-08-05 17:48:17,-23.13,150.73,55.4,93,90,3.51
94,Hay River,CA,2020-08-05 17:48:17,60.82,-115.8,64.4,77,75,13.87
95,Hobart,AU,2020-08-05 17:42:41,-42.88,147.33,44.6,81,75,14.99
96,Bati,ET,2020-08-05 17:48:17,11.18,40.02,70.03,76,94,2.44
97,Kashi,CN,2020-08-05 17:48:17,39.45,75.98,77.0,38,20,2.24
98,Milkovo,RU,2020-08-05 17:48:17,54.72,158.62,46.02,87,44,0.36
99,East London,ZA,2020-08-05 17:46:27,-33.02,27.91,60.73,84,97,15.84
100,Virginia Beach,US,2020-08-05 17:47:01,36.85,-75.98,93.0,52,75,6.93
101,Karasburg,NA,2020-08-05 17:48:17,-28.02,18.75,48.0,52,0,17.49
102,Mahibadhoo,MV,2020-08-05 17:46:54,3.78,72.97,82.83,79,100,15.35
103,Johi,PK,2020-08-05 17:48:17,26.69,67.61,102.22,29,33,3.65
104,Vila Franca Do Campo,PT,2020-08-05 17:46:34,37.72,-25.43,75.2,83,20,12.75
105,Qaanaaq,GL,2020-08-05 17:46:30,77.48,-69.36,36.79,73,0,2.21
106,Oranjemund,NA,2020-08-05 17:48:18,-28.55,16.43,54.01,74,0,11.81
107,Harper,LR,2020-08-05 17:48:18,4.38,-7.72,76.06,69,65,8.99
108,Guymon,US,2020-08-05 17:48:18,36.68,-101.48,75.2,69,1,4.7
109,Verkhovazhye,RU,2020-08-05 17:48:18,60.75,42.05,66.58,72,100,9.35
110,Lebu,CL,2020-08-05 17:46:26,-37.62,-73.65,52.3,66,19,12.19
111,Upernavik,GL,2020-08-05 17:46:35,72.79,-56.15,40.19,70,45,3.33
112,The Valley,AI,2020-08-05 17:45:35,18.22,-63.06,86.0,66,20,12.75
113,New Norfolk,AU,2020-08-05 17:43:29,-42.78,147.06,44.01,79,99,1.99
114,Kedrovyy,RU,2020-08-05 17:48:18,56.17,91.82,53.6,87,60,4.47
115,Norman Wells,CA,2020-08-05 17:46:29,65.28,-126.83,60.8,93,75,9.17
116,Mehamn,NO,2020-08-05 17:48:18,71.04,27.85,48.2,100,90,5.82
117,Cuamba,MZ,2020-08-05 17:46:52,-14.8,36.54,76.77,40,45,5.46
118,Havre-Saint-Pierre,CA,2020-08-05 17:48:19,50.23,-63.6,64.4,82,90,14.99
119,Kaitangata,NZ,2020-08-05 17:46:18,-46.28,169.85,39.99,89,86,3.0
120,Narsaq,GL,2020-08-05 17:46:34,60.92,-46.05,51.8,62,75,6.93
121,Tasiilaq,GL,2020-08-05 17:46:20,65.61,-37.64,44.6,87,75,10.29
122,Anadyr,RU,2020-08-05 17:47:15,64.75,177.48,39.2,86,31,4.47
123,Yilan,TW,2020-08-05 17:46:21,24.76,121.75,82.0,99,98,2.33
124,Wilmington,US,2020-08-05 17:45:30,34.23,-77.94,86.0,69,20,9.1
125,Airai,TL,2020-08-05 17:46:33,-8.93,125.41,55.09,100,97,0.85
126,Lebowakgomo,ZA,2020-08-05 17:48:19,-24.2,29.5,60.8,23,0,3.36
127,Jasper,US,2020-08-05 17:48:19,37.2,-94.35,78.01,57,40,3.36
128,Henties Bay,NA,2020-08-05 17:48:19,-22.12,14.28,57.0,78,0,10.0
129,Tayoltita,MX,2020-08-05 17:48:20,24.08,-105.93,91.99,31,47,2.3
130,Shumskiy,RU,2020-08-05 17:48:20,54.83,99.13,57.6,92,83,3.56
131,Leningradskiy,RU,2020-08-05 17:46:33,69.38,178.42,34.56,93,100,12.5
132,Huarmey,PE,2020-08-05 17:47:18,-10.07,-78.15,66.88,62,45,9.86
133,Sycow,PL,2020-08-05 17:48:20,51.31,17.72,71.6,43,43,4.7
134,Tuatapere,NZ,2020-08-05 17:47:06,-46.13,167.68,39.99,97,100,3.0
135,Provideniya,RU,2020-08-05 17:46:31,64.38,-173.3,49.89,73,100,5.88
136,Dikson,RU,2020-08-05 17:48:20,73.51,80.55,46.62,90,93,17.07
137,Talcahuano,CL,2020-08-05 17:48:20,-36.72,-73.12,57.2,58,40,12.75
138,Niksar,TR,2020-08-05 17:48:20,40.59,36.95,64.36,75,0,3.85
139,Sao Joao Da Barra,BR,2020-08-05 17:46:33,-21.64,-41.05,77.0,47,40,8.05
140,Taruma,BR,2020-08-05 17:48:20,-22.75,-50.58,81.64,27,0,6.87
141,Katangli,RU,2020-08-05 17:48:21,51.71,143.23,50.23,95,100,5.5
142,Ninotsminda,GE,2020-08-05 17:48:21,41.26,43.59,62.6,55,5,12.75
143,Uhlove,UA,2020-08-05 17:48:21,44.82,33.6,72.82,51,0,14.34
144,Ponta Delgada,PT,2020-08-05 17:47:03,37.73,-25.67,75.2,83,20,12.75
145,Chuy,UY,2020-08-05 17:46:25,-33.7,-53.46,71.46,67,0,9.24
146,Bethel,US,2020-08-05 17:48:01,41.37,-73.41,86.0,57,20,5.82
147,Moose Factory,CA,2020-08-05 17:48:21,51.26,-80.61,60.8,93,75,11.41
148,Lokosovo,RU,2020-08-05 17:48:21,61.13,74.82,64.02,75,86,8.41
149,Itamarandiba,BR,2020-08-05 17:48:21,-17.86,-42.86,67.28,58,66,8.14
150,Ostrovnoy,RU,2020-08-05 17:46:30,68.05,39.51,56.89,87,100,4.32
151,Ovsyanka,RU,2020-08-05 17:48:21,55.96,92.55,53.6,87,71,4.47
152,Santa Rosalia,MX,2020-08-05 17:48:21,27.32,-112.28,90.16,52,5,7.11
153,Bengkulu,ID,2020-08-05 17:46:29,-3.8,102.27,76.35,81,92,4.59
154,Xining,CN,2020-08-05 17:46:46,36.62,101.77,63.59,80,88,0.67
155,Conceicao Do Araguaia,BR,2020-08-05 17:48:22,-8.26,-49.26,94.46,25,0,7.02
156,Werda,BW,2020-08-05 17:48:22,-25.27,23.28,62.96,27,0,7.45
157,Ramganj Mandi,IN,2020-08-05 17:48:22,24.65,75.93,84.94,74,67,10.31
158,Aykhal,RU,2020-08-05 17:46:32,66.0,111.5,68.0,37,0,6.71
159,Viedma,AR,2020-08-05 17:45:22,-40.81,-63.0,60.01,61,29,8.01
160,Victoria,HK,2020-08-05 17:43:11,22.29,114.16,78.01,94,20,12.75
161,Portland,US,2020-08-05 17:43:26,45.52,-122.68,75.0,52,1,5.82
162,Husavik,IS,2020-08-05 17:48:22,66.04,-17.34,55.4,82,90,4.7
163,Behbahan,IR,2020-08-05 17:48:22,30.6,50.24,102.2,15,0,18.34
164,Nampula,MZ,2020-08-05 17:48:22,-15.12,39.27,73.4,69,0,13.87
165,Jalu,LY,2020-08-05 17:46:31,29.03,21.55,94.05,17,0,8.55
166,Cherskiy,RU,2020-08-05 17:46:21,68.75,161.3,41.59,92,100,6.24
167,Kavieng,PG,2020-08-05 17:46:22,-2.57,150.8,80.96,83,100,16.04
168,Lompoc,US,2020-08-05 17:46:32,34.64,-120.46,66.0,93,60,11.41
169,Maragogipe,BR,2020-08-05 17:46:44,-12.78,-38.92,78.8,69,40,12.75
170,Mayo,US,2020-08-05 17:46:57,38.89,-76.51,87.01,65,1,8.05
171,Nikolskoye,RU,2020-08-05 17:48:23,59.7,30.79,64.0,63,22,4.47
172,Rocha,UY,2020-08-05 17:43:27,-34.48,-54.33,75.04,62,1,12.86
173,Kitimat,CA,2020-08-05 17:48:23,54.05,-128.65,57.99,95,100,0.83
174,Guane,CU,2020-08-05 17:48:23,22.2,-84.09,88.27,65,92,5.97
175,Pocone,BR,2020-08-05 17:48:23,-16.26,-56.62,99.73,14,0,3.85
176,Abu Samrah,SY,2020-08-05 17:46:20,35.3,37.18,76.91,64,0,17.52
177,Carnarvon,AU,2020-08-05 17:46:20,-24.87,113.63,57.2,71,0,9.17
178,Port Elizabeth,ZA,2020-08-05 17:46:53,-33.92,25.57,53.6,93,88,4.7
179,Vicuna,CL,2020-08-05 17:48:24,-30.03,-70.71,60.8,72,100,12.75
180,Shelburne,CA,2020-08-05 17:48:24,44.08,-80.2,71.6,46,40,12.75
181,Bambanglipuro,ID,2020-08-05 17:47:21,-7.95,110.28,73.27,90,38,5.75
182,Ust-Tarka,RU,2020-08-05 17:48:24,55.57,75.7,64.65,69,0,4.92
183,Carson City,US,2020-08-05 17:44:46,39.16,-119.77,80.6,16,1,2.42
184,Te Anau,NZ,2020-08-05 17:48:24,-45.42,167.72,43.83,88,100,1.43
185,Tanout,NE,2020-08-05 17:48:24,14.97,8.89,91.27,42,45,15.77
186,Ambilobe,MG,2020-08-05 17:46:47,-13.2,49.05,70.57,76,47,3.6
187,Tiarei,PF,2020-08-05 17:48:24,-17.53,-149.33,73.4,78,20,15.28
188,Tiksi,RU,2020-08-05 17:46:22,71.69,128.87,61.32,57,100,10.6
189,Chokurdakh,RU,2020-08-05 17:46:31,70.63,147.92,49.17,67,0,7.29
190,Tomatlan,MX,2020-08-05 17:48:25,19.93,-105.25,95.59,47,14,4.76
191,Sao Filipe,CV,2020-08-05 17:46:43,14.9,-24.5,77.88,78,11,5.01
192,Nynashamn,SE,2020-08-05 17:48:25,58.9,17.95,68.0,43,81,15.84
193,Sawtell,AU,2020-08-05 17:48:25,-30.38,153.1,46.0,93,0,5.97
194,Berlevag,NO,2020-08-05 17:46:49,70.86,29.09,50.0,87,75,5.82
195,Eyl,SO,2020-08-05 17:46:36,7.98,49.82,81.75,62,80,23.89
196,Dunedin,NZ,2020-08-05 17:43:30,-45.87,170.5,45.0,91,97,1.99
197,Mayskiy,RU,2020-08-05 17:47:03,47.69,40.1,80.6,42,0,8.95
198,Nowogard,PL,2020-08-05 17:48:25,53.67,15.12,79.0,33,0,8.05
199,Honningsvag,NO,2020-08-05 17:46:28,70.98,25.97,50.0,93,75,5.82
200,Sao Jose Da Coroa Grande,BR,2020-08-05 17:46:37,-8.9,-35.15,77.54,67,61,15.3
201,Asau,RO,2020-08-05 17:46:28,46.43,26.4,69.01,75,1,4.25
202,Avera,US,2020-08-05 17:46:35,33.19,-82.53,90.0,62,40,4.7
203,Soledade,BR,2020-08-05 17:48:26,-28.82,-52.51,71.6,53,0,16.11
204,Jacmel,HT,2020-08-05 17:48:26,18.23,-72.53,93.2,49,20,16.11
205,Sokoni,TZ,2020-08-05 17:48:26,-6.43,39.55,76.39,81,8,15.52
206,Beira,MZ,2020-08-05 17:48:26,-19.84,34.84,68.0,88,43,8.05
207,Okha,RU,2020-08-05 17:48:26,53.57,142.95,52.23,92,99,8.25
208,Contai,IN,2020-08-05 17:44:17,21.78,87.75,82.38,83,83,17.98
209,Port Hedland,AU,2020-08-05 17:48:26,-20.32,118.57,55.4,82,68,6.93
210,Quatre Cocos,MU,2020-08-05 17:48:26,-20.21,57.76,68.0,72,40,11.41
211,Cabinda,AO,2020-08-05 17:48:27,-5.55,12.2,73.58,80,39,5.3
212,Lacolle,CA,2020-08-05 17:48:27,45.08,-73.37,79.0,69,17,10.0
213,San Patricio,MX,2020-08-05 17:47:13,19.22,-104.7,91.4,70,20,6.93
214,Saskylakh,RU,2020-08-05 17:46:43,71.92,114.08,62.2,85,89,6.73
215,Aligudarz,IR,2020-08-05 17:48:27,33.4,49.69,63.05,29,0,5.44
216,Sao Miguel Do Araguaia,BR,2020-08-05 17:48:27,-13.28,-50.16,90.64,21,0,8.19
217,Caala,AO,2020-08-05 17:48:27,-12.85,15.56,61.75,27,9,0.4
218,Muzhi,RU,2020-08-05 17:46:56,65.37,64.67,59.58,70,29,4.99
219,Susuman,RU,2020-08-05 17:48:27,62.78,148.17,45.19,72,2,2.26
220,Northam,GB,2020-08-05 17:48:28,51.03,-4.22,66.99,95,95,8.01
221,Paraiso,CR,2020-08-05 17:48:28,9.84,-83.87,78.8,65,75,11.41
222,Kupang,ID,2020-08-05 17:48:28,-10.17,123.58,71.91,82,34,5.7
223,Belaya Gora,RU,2020-08-05 17:48:28,68.53,146.42,53.2,54,16,7.0
224,Nanortalik,GL,2020-08-05 17:48:28,60.14,-45.24,46.38,77,64,6.02
225,Salalah,OM,2020-08-05 17:46:32,17.02,54.09,82.4,78,75,12.75
226,Severnoye,RU,2020-08-05 17:48:28,56.35,78.36,62.51,71,0,4.56
227,Erdenet,MN,2020-08-05 17:48:28,49.03,104.08,58.89,93,100,3.56
228,Pa Sang,TH,2020-08-05 17:48:28,18.53,98.94,78.8,88,75,4.7
229,Zigong,CN,2020-08-05 17:48:29,29.34,104.78,81.9,80,100,3.51
230,Ginda,IN,2020-08-05 17:48:29,30.69,78.49,68.85,76,99,3.69
231,Ilheus,BR,2020-08-05 17:48:29,-14.79,-39.05,71.6,94,75,13.87
232,Los Llanos De Aridane,ES,2020-08-05 17:46:30,28.66,-17.92,77.0,73,40,10.29
233,Vardo,NO,2020-08-05 17:47:01,70.37,31.11,50.0,93,75,20.8
234,Dhidhdhoo,MV,2020-08-05 17:48:29,6.88,73.1,82.9,81,94,22.48
235,Torbay,CA,2020-08-05 17:44:56,47.67,-52.73,72.0,56,20,3.36
236,Bathsheba,BB,2020-08-05 17:48:29,13.22,-59.52,87.8,62,40,16.11
237,Waingapu,ID,2020-08-05 17:46:48,-9.66,120.26,70.3,81,70,4.85
238,Mezen,RU,2020-08-05 17:47:05,65.85,44.24,62.11,90,100,10.31
239,Christchurch,NZ,2020-08-05 17:47:40,-43.53,172.63,46.4,93,95,13.87
240,Nhulunbuy,AU,2020-08-05 17:48:30,-12.23,136.77,71.6,88,75,3.36
241,Bereda,ES,2020-08-05 17:46:56,43.27,-7.54,86.0,62,0,15.99
242,Palmer,US,2020-08-05 17:48:30,42.16,-72.33,90.0,45,40,9.17
243,Kodinsk,RU,2020-08-05 17:48:30,58.69,99.18,62.51,63,85,3.65
244,Severnyy,RU,2020-08-05 17:48:30,50.68,36.55,73.4,46,2,6.71
245,Erzin,TR,2020-08-05 17:48:30,36.96,36.2,82.99,81,4,4.18
246,Lakes Entrance,AU,2020-08-05 17:47:15,-37.88,147.98,45.0,74,52,14.12
247,Huangchuan,CN,2020-08-05 17:48:31,32.13,115.04,81.46,82,66,5.93
248,Liwale,TZ,2020-08-05 17:47:18,-9.77,37.93,73.2,52,51,4.34
249,Coquimbo,CL,2020-08-05 17:45:06,-29.95,-71.34,60.8,72,100,12.75
250,Mandalgovi,MN,2020-08-05 17:47:15,45.76,106.27,71.17,34,0,12.57
251,Flin Flon,CA,2020-08-05 17:48:31,54.77,-101.86,78.8,36,40,13.87
252,Stuttgart,DE,2020-08-05 17:48:31,48.78,9.18,73.99,46,0,9.17
253,Donskoye,RU,2020-08-05 17:48:31,45.46,41.97,75.2,44,4,6.71
254,Chapais,CA,2020-08-05 17:46:33,49.78,-74.85,62.6,93,90,12.75
255,Sitka,US,2020-08-05 17:47:00,57.05,-135.33,55.4,87,75,1.99
256,Touros,BR,2020-08-05 17:46:38,-5.2,-35.46,82.4,61,40,12.75
257,Ixtapa,MX,2020-08-05 17:48:31,20.7,-105.2,88.0,66,40,4.7
258,Buala,SB,2020-08-05 17:48:32,-8.14,159.59,80.31,84,95,9.53
259,Luderitz,NA,2020-08-05 17:46:35,-26.65,15.16,59.0,38,0,24.16
260,Moron,AR,2020-08-05 17:48:32,-34.65,-58.62,80.01,44,40,12.75
261,Maceio,BR,2020-08-05 17:47:01,-9.67,-35.74,78.8,65,75,17.22
262,Gat,IL,2020-08-05 17:47:08,31.61,34.76,82.99,80,0,3.06
263,Magistralnyy,RU,2020-08-05 17:48:32,56.17,107.45,58.39,76,60,0.54
264,Tchollire,CM,2020-08-05 17:48:32,8.4,14.17,74.19,88,96,2.73
265,Eregli,TR,2020-08-05 17:48:32,37.51,34.05,68.85,23,0,2.91
266,Beloha,MG,2020-08-05 17:46:38,-25.17,45.05,64.2,87,5,3.78
267,Rutland,US,2020-08-05 17:48:32,43.62,-73.02,78.01,50,40,9.17
268,Solwezi,ZM,2020-08-05 17:48:32,-12.17,26.39,62.98,32,0,2.48
269,San Vicente,AR,2020-08-05 17:48:33,-26.62,-54.13,77.4,35,0,5.93
270,Nemuro,JP,2020-08-05 17:47:05,43.32,145.57,64.99,99,100,1.12
271,Havoysund,NO,2020-08-05 17:47:00,71.0,24.66,51.8,93,75,5.82
272,Korla,CN,2020-08-05 17:47:10,41.76,86.15,86.4,18,42,15.5
273,Urengoy,RU,2020-08-05 17:48:33,65.97,78.37,58.3,66,0,6.15
274,Pangody,RU,2020-08-05 17:47:11,65.85,74.49,57.49,62,5,2.93
275,Manbij,SY,2020-08-05 17:48:33,36.53,37.95,89.6,38,18,16.11
276,Togur,RU,2020-08-05 17:48:33,58.36,82.83,62.28,72,2,5.19
277,Wau,SS,2020-08-05 17:48:33,7.7,28.0,71.62,92,35,4.07
278,Fort Morgan,US,2020-08-05 17:48:33,40.25,-103.8,82.4,30,1,8.05
279,Ahipara,NZ,2020-08-05 17:46:28,-35.17,173.17,54.97,92,76,6.98
280,Kieta,PG,2020-08-05 17:48:34,-6.22,155.63,79.02,79,99,4.99
281,Cukai,MY,2020-08-05 17:48:34,4.25,103.42,77.0,94,96,2.24
282,Bilibino,RU,2020-08-05 17:47:00,68.05,166.44,41.34,82,100,2.53
283,Rognan,NO,2020-08-05 17:48:34,67.1,15.39,63.0,68,27,4.83
284,Murgab,TM,2020-08-05 17:48:34,37.5,61.97,80.6,36,40,6.93
285,Talnakh,RU,2020-08-05 17:46:40,69.49,88.4,62.6,67,100,6.71
286,Saint-Joseph,RE,2020-08-05 17:46:24,-21.37,55.62,64.4,77,66,4.7
287,Mitu,CO,2020-08-05 17:47:13,1.2,-70.17,78.58,89,79,3.04
288,Kruisfontein,ZA,2020-08-05 17:46:37,-34.0,24.73,52.0,88,81,4.03
289,Trairi,BR,2020-08-05 17:48:35,-3.28,-39.27,85.6,49,0,15.1
290,Richards Bay,ZA,2020-08-05 17:42:44,-28.78,32.04,63.16,84,32,7.25
291,Aras,ES,2020-08-05 17:48:35,42.56,-2.36,95.0,13,19,4.7
292,Ukiah,US,2020-08-05 17:45:10,39.15,-123.21,66.2,63,1,9.17
293,Alpena,US,2020-08-05 17:46:28,45.06,-83.43,69.01,49,75,10.29
294,Santa Catarina De Tepehuanes,MX,2020-08-05 17:48:35,25.35,-105.73,80.02,25,68,9.15
295,Visby,SE,2020-08-05 17:48:35,57.64,18.3,64.99,68,73,13.87
296,Souillac,MU,2020-08-05 17:46:36,-20.52,57.52,68.0,72,40,11.41
297,Novaya Lyalya,RU,2020-08-05 17:48:35,59.05,60.6,60.04,79,1,3.33
298,Meulaboh,ID,2020-08-05 17:47:18,4.14,96.13,78.4,86,100,4.05
299,Gashua,NG,2020-08-05 17:48:36,12.87,11.05,82.13,67,41,10.0
300,Port-Cartier,CA,2020-08-05 17:44:42,50.03,-66.87,62.01,100,90,21.92
301,Batagay,RU,2020-08-05 17:48:36,67.63,134.63,60.44,39,25,2.59
302,Severomuysk,RU,2020-08-05 17:48:36,56.15,113.43,50.67,97,99,3.44
303,Bintulu,MY,2020-08-05 17:48:36,3.17,113.03,75.2,100,20,5.82
304,Mantua,IT,2020-08-05 17:46:45,45.17,10.78,81.0,57,29,3.0
305,Zyryanka,RU,2020-08-05 17:48:36,65.75,150.85,50.56,63,29,5.57
306,San Rafael,AR,2020-08-05 17:42:38,-34.62,-68.33,63.45,34,0,6.13
307,Vestmannaeyjar,IS,2020-08-05 17:48:37,63.44,-20.27,51.8,87,40,10.29
308,Aklavik,CA,2020-08-05 17:47:01,68.22,-135.01,50.0,93,90,4.7
309,Port Hardy,CA,2020-08-05 17:45:37,50.7,-127.42,57.2,87,75,5.82
310,Cayenne,GF,2020-08-05 17:46:27,4.93,-52.33,86.0,66,1,8.05
311,Changping,CN,2020-08-05 17:48:37,40.22,116.22,82.0,94,1,2.24
312,Zalantun,CN,2020-08-05 17:48:37,48.0,122.72,61.5,94,73,4.63
313,Whitehorse,CA,2020-08-05 17:44:42,60.72,-135.05,55.4,66,75,10.29
314,Hithadhoo,MV,2020-08-05 17:46:20,-0.6,73.08,82.58,73,100,13.47
315,Bataipora,BR,2020-08-05 17:47:20,-22.3,-53.27,83.55,25,0,8.75
316,Concarneau,FR,2020-08-05 17:48:37,47.88,-3.92,71.6,77,75,11.41
317,Tevaitoa,PF,2020-08-05 17:48:37,-16.78,-151.5,78.4,80,55,14.07
318,Nagaur,IN,2020-08-05 17:48:38,27.2,73.73,94.98,46,31,9.1
319,Makokou,GA,2020-08-05 17:48:38,0.57,12.86,73.38,75,7,2.95
320,Tsabong,BW,2020-08-05 17:48:38,-26.02,22.4,61.72,28,0,11.92
321,Sorland,NO,2020-08-05 17:46:43,67.67,12.69,57.2,87,0,10.29
322,Klaksvik,FO,2020-08-05 17:46:29,62.23,-6.59,51.8,100,100,8.05
323,Mbaiki,CF,2020-08-05 17:48:38,3.87,17.99,73.15,79,75,2.06
324,Wittmund,DE,2020-08-05 17:48:38,53.57,7.78,78.01,41,20,5.82
325,Malakal,SS,2020-08-05 17:48:38,9.53,31.66,67.77,96,98,3.31
326,Machico,PT,2020-08-05 17:48:38,32.7,-16.77,75.2,73,40,13.87
327,Yerbogachen,RU,2020-08-05 17:46:58,61.28,108.01,61.57,67,46,6.76
328,Troitsko-Pechorsk,RU,2020-08-05 17:48:39,62.71,56.2,62.19,82,72,4.14
329,Zaraza,VE,2020-08-05 17:48:39,9.35,-65.32,83.35,85,45,1.54
330,Bambous Virieux,MU,2020-08-05 17:46:20,-20.34,57.76,68.0,72,40,11.41
331,Uppsala,SE,2020-08-05 17:48:39,60.0,17.75,64.0,63,95,12.75
332,Broome,US,2020-08-05 17:43:45,42.25,-75.83,77.0,53,75,5.82
333,Rohnert Park,US,2020-08-05 17:48:39,38.34,-122.7,72.0,77,90,5.82
334,Codrington,AU,2020-08-05 17:46:22,-38.27,141.97,46.06,79,90,5.03
335,Makakilo City,US,2020-08-05 17:46:58,21.35,-158.09,78.8,65,1,3.36
336,Atikokan,CA,2020-08-05 17:48:39,48.76,-91.62,77.86,32,0,5.77
337,San Jose,US,2020-08-05 17:44:30,37.34,-121.89,70.0,68,90,4.85
338,Ixchiguan,GT,2020-08-05 17:48:40,15.2,-91.88,86.0,79,40,3.36
339,Ayan,RU,2020-08-05 17:47:14,56.45,138.17,53.73,70,0,5.1
340,Haradok,BY,2020-08-05 17:48:40,55.46,29.98,64.65,93,73,4.0
341,Hovd,MN,2020-08-05 17:47:14,48.01,91.64,62.91,62,2,2.55
342,Port Lincoln,AU,2020-08-05 17:48:40,-34.73,135.87,50.65,66,100,19.73
343,Sudbury,CA,2020-08-05 17:46:29,46.49,-80.99,64.99,72,75,8.05
344,Santa Marta,CO,2020-08-05 17:45:51,11.24,-74.2,93.2,59,90,6.93
345,Kalabo,ZM,2020-08-05 17:48:40,-14.97,22.68,66.25,25,0,3.02
346,Zhezkazgan,KZ,2020-08-05 17:47:18,47.8,67.71,83.32,24,73,11.99
347,Laela,TZ,2020-08-05 17:48:40,-8.57,32.05,66.78,44,49,3.31
348,Port Shepstone,ZA,2020-08-05 17:48:40,-30.74,30.45,64.18,80,96,16.58
349,Curup,ID,2020-08-05 17:48:40,-3.47,102.53,69.39,78,97,2.98
350,Capul,PH,2020-08-05 17:48:41,12.42,124.18,82.02,80,96,6.53
351,Visnes,NO,2020-08-05 17:48:41,59.36,5.22,60.01,93,75,13.87
352,Nizhniy Odes,RU,2020-08-05 17:48:41,63.64,54.86,62.19,90,100,5.82
353,Mujiayingzi,CN,2020-08-05 17:48:41,42.12,118.78,71.33,63,69,3.22
354,Yulara,AU,2020-08-05 17:48:41,-25.24,130.99,50.0,53,90,4.7
355,Chabahar,IR,2020-08-05 17:48:41,25.29,60.64,89.6,79,20,6.93
356,Bilma,NE,2020-08-05 17:46:36,18.69,12.92,102.61,18,0,3.42
357,Berezniki,RU,2020-08-05 17:48:42,59.42,56.81,62.01,73,0,1.01
358,Dormidontovka,RU,2020-08-05 17:48:42,47.77,134.91,56.75,94,94,10.83
359,Lokoja,NG,2020-08-05 17:48:42,7.8,6.74,76.28,87,68,3.4
360,Otjiwarongo,NA,2020-08-05 17:48:42,-20.46,16.65,59.76,30,0,10.92
361,Binzhou,CN,2020-08-05 17:46:59,37.37,118.02,75.78,94,76,5.73
362,Paita,PE,2020-08-05 17:48:42,-5.09,-81.11,69.8,68,2,17.22
363,Madang,PG,2020-08-05 17:48:42,-5.22,145.8,77.65,90,99,1.1
364,Panzhihua,CN,2020-08-05 17:48:42,26.59,101.71,74.55,72,56,1.12
365,Grand Baie,MU,2020-08-05 17:48:43,-20.02,57.58,64.0,77,36,3.0
366,Muros,ES,2020-08-05 17:47:11,42.78,-9.06,84.99,50,0,13.87
367,Mareeba,AU,2020-08-05 17:48:43,-17.0,145.43,69.8,83,65,5.82
368,Xichang,CN,2020-08-05 17:48:43,27.9,102.26,69.21,76,100,1.43
369,Chiang Mai,TH,2020-08-05 17:48:43,18.79,98.98,78.8,88,75,4.7
370,Margate,GB,2020-08-05 17:46:25,51.38,1.39,73.99,42,19,5.99
371,Tura,IN,2020-08-05 17:46:24,25.52,90.22,78.87,86,65,9.06
372,Mar Del Plata,AR,2020-08-05 17:46:26,-38.0,-57.56,75.2,60,50,19.46
373,Flinders,AU,2020-08-05 17:47:19,-34.58,150.86,48.99,59,0,8.01
374,Novosineglazovskiy,RU,2020-08-05 17:48:43,55.04,61.38,77.0,69,20,8.95
375,Saint-Pierre,RE,2020-08-05 17:47:20,-21.34,55.48,64.4,77,64,4.7
376,Gorontalo,ID,2020-08-05 17:48:43,0.54,123.06,74.82,90,60,1.95
377,Alyangula,AU,2020-08-05 17:48:44,-13.85,136.42,68.0,94,18,8.52
378,Biak,ID,2020-08-05 17:46:44,-0.91,122.88,76.55,85,91,4.21
379,Eten,PE,2020-08-05 17:48:44,-6.91,-79.86,68.0,64,20,16.11
380,Dunkwa,GH,2020-08-05 17:48:44,5.97,-1.78,79.88,59,18,3.18
381,Coahuayana,MX,2020-08-05 17:46:36,18.73,-103.68,82.4,78,40,5.28
382,Shebunino,RU,2020-08-05 17:48:44,46.43,141.86,58.73,89,100,6.82
383,Esperance,AU,2020-08-05 17:46:57,-33.87,121.9,53.6,93,90,10.29
384,Lima,PE,2020-08-05 17:48:27,-12.04,-77.03,64.4,68,75,9.17
385,Camacha,PT,2020-08-05 17:46:24,33.08,-16.33,73.4,73,75,13.87
386,Rio Grande,BR,2020-08-05 17:45:14,-32.03,-52.1,82.4,42,0,11.41
387,Bonavista,CA,2020-08-05 17:48:44,48.65,-53.11,64.0,72,24,4.0
388,Muisne,EC,2020-08-05 17:48:44,0.6,-80.03,82.4,74,20,10.29
389,Constitucion,CL,2020-08-05 17:46:57,-35.33,-72.42,55.65,75,39,11.92
390,Cristalina,BR,2020-08-05 17:48:45,-16.77,-47.61,73.24,34,0,10.96
391,Geilo,NO,2020-08-05 17:48:45,60.53,8.21,55.0,87,96,6.04
392,Bad Bramstedt,DE,2020-08-05 17:48:45,53.92,9.88,80.6,34,13,8.05
393,Haines Junction,CA,2020-08-05 17:46:49,60.75,-137.51,52.14,75,100,3.44
394,Vostok,RU,2020-08-05 17:46:32,46.49,135.88,59.02,100,91,3.13
395,Alofi,NU,2020-08-05 17:48:45,-19.06,-169.92,73.4,100,73,2.24
396,Yumen,CN,2020-08-05 17:47:05,40.28,97.2,74.82,42,46,5.79
397,Sisimiut,GL,2020-08-05 17:48:45,66.94,-53.67,46.08,77,64,7.27
398,Hirara,JP,2020-08-05 17:48:45,24.8,125.28,83.23,83,100,12.46
399,Nuevo Progreso,MX,2020-08-05 17:48:45,23.17,-97.95,91.0,54,10,4.0
400,Maarianhamina,AX,2020-08-05 17:48:46,60.1,19.93,62.6,77,100,14.99
401,Pisco,PE,2020-08-05 17:46:21,-13.7,-76.22,62.6,82,90,8.05
402,Cap Malheureux,MU,2020-08-05 17:48:46,-19.98,57.61,64.0,77,29,3.0
403,Ipanema,BR,2020-08-05 17:48:46,-30.14,-51.22,78.8,44,0,11.41
404,Chifeng,CN,2020-08-05 17:48:46,42.27,118.96,74.64,56,85,3.83
405,Adrar,MR,2020-08-05 17:46:40,20.5,-10.07,104.2,19,0,12.88
406,Pingzhuang,CN,2020-08-05 17:48:46,42.04,119.29,72.3,65,68,1.61
407,Gniezno,PL,2020-08-05 17:48:46,52.53,17.58,71.01,45,96,3.0
408,Porto Velho,BR,2020-08-05 17:43:54,-8.76,-63.9,93.2,36,40,3.36
409,Mopti,ML,2020-08-05 17:48:46,14.67,-4.0,84.69,63,80,8.03
410,Deputatskiy,RU,2020-08-05 17:47:08,69.3,139.9,48.94,65,8,6.46
411,Dungarpur,IN,2020-08-05 17:48:47,23.83,73.72,82.2,83,100,3.02
412,Opuwo,NA,2020-08-05 17:48:47,-18.06,13.84,61.14,45,0,8.28
413,La Reforma,MX,2020-08-05 17:48:47,25.08,-108.05,95.0,63,4,5.01
414,Kataysk,RU,2020-08-05 17:48:47,56.29,62.58,68.79,94,15,10.11
415,Hamilton,US,2020-08-05 17:46:31,39.18,-84.53,77.0,53,40,3.36
416,Olafsvik,IS,2020-08-05 17:46:31,64.89,-23.71,50.27,94,100,18.03
417,Mount Isa,AU,2020-08-05 17:42:08,-20.73,139.5,59.0,54,0,3.36
418,Pimentel,PE,2020-08-05 17:45:33,-6.84,-79.93,68.0,64,20,16.11
419,Arlit,NE,2020-08-05 17:48:47,18.74,7.39,102.63,21,1,15.41
420,Vaitape,PF,2020-08-05 17:46:41,-16.52,-151.75,78.75,80,38,14.76
421,Huambo,AO,2020-08-05 17:48:47,-12.78,15.74,62.58,26,7,2.3
422,Lamu,KE,2020-08-05 17:47:04,-2.27,40.9,76.14,83,6,16.62
423,Riyadh,SA,2020-08-05 17:46:29,24.69,46.72,102.2,12,72,11.41
424,Linhares,BR,2020-08-05 17:48:48,-19.39,-40.07,74.71,55,33,9.22
425,Kavaratti,IN,2020-08-05 17:46:20,10.57,72.64,83.19,80,100,29.84
426,Kishi,NG,2020-08-05 17:48:48,9.08,3.85,76.33,77,26,5.66
427,Saint Anthony,US,2020-08-05 17:46:42,45.02,-93.22,75.99,47,40,9.17
428,La Ronge,CA,2020-08-05 17:46:19,55.1,-105.28,75.2,47,40,10.29
429,Luena,AO,2020-08-05 17:48:48,-11.78,19.92,64.78,27,0,2.51
430,Komsomolskiy,UZ,2020-08-05 17:46:26,40.43,71.72,80.6,44,0,6.93
431,Carutapera,BR,2020-08-05 17:47:15,-1.2,-46.02,82.92,70,26,9.19
432,Namatanai,PG,2020-08-05 17:46:41,-3.67,152.43,79.65,81,100,9.42
433,Svetlyy,RU,2020-08-05 17:47:17,54.67,20.13,64.4,68,81,4.47
434,Saravena,CO,2020-08-05 17:48:49,6.95,-71.88,82.6,74,91,2.24
435,Emerald,AU,2020-08-05 17:46:45,-23.53,148.17,53.6,76,3,4.7
436,Watsa,CD,2020-08-05 17:48:49,3.04,29.54,65.3,98,79,0.56
437,Kungurtug,RU,2020-08-05 17:48:49,50.6,97.52,54.0,85,100,1.7
438,Valparaiso,CL,2020-08-05 17:48:04,-33.04,-71.63,66.2,67,75,17.22
439,Millbrook,US,2020-08-05 17:48:49,32.48,-86.36,93.99,49,1,3.87
440,Muncar,ID,2020-08-05 17:48:49,-8.43,114.33,73.06,88,97,2.28
441,Beringovskiy,RU,2020-08-05 17:46:36,63.05,179.32,49.01,81,75,10.22
442,Mahbubabad,IN,2020-08-05 17:48:49,17.62,80.02,74.73,91,100,14.25
443,Wewak,PG,2020-08-05 17:48:49,-3.55,143.63,79.11,80,80,5.53
444,Bandarbeyla,SO,2020-08-05 17:46:44,9.49,50.81,81.39,63,100,31.83
445,Leh,IN,2020-08-05 17:44:36,34.17,77.58,66.79,25,2,4.85
446,Sharqpur,PK,2020-08-05 17:48:50,31.46,74.1,86.0,79,20,9.17
447,Fortuna,US,2020-08-05 17:46:41,40.6,-124.16,60.01,97,100,3.0
448,Alekseyevsk,RU,2020-08-05 17:48:50,57.84,108.35,60.4,72,0,4.56
449,Salekhard,RU,2020-08-05 17:48:50,66.53,66.6,59.72,71,15,6.55
450,Katsuura,JP,2020-08-05 17:47:03,35.13,140.3,79.0,90,12,6.33
451,Pangnirtung,CA,2020-08-05 17:46:57,66.15,-65.71,50.0,93,90,3.36
452,Hare Bay,CA,2020-08-05 17:48:50,48.85,-54.01,73.4,46,75,10.29
453,Maningrida,AU,2020-08-05 17:48:50,-12.07,134.27,70.25,93,71,1.61
454,Ocosingo,MX,2020-08-05 17:48:50,17.07,-92.25,86.0,79,75,4.16
455,Shimoda,JP,2020-08-05 17:48:51,34.67,138.95,73.0,88,4,1.01
456,Kununurra,AU,2020-08-05 17:46:28,-15.77,128.73,73.4,85,57,4.7
457,Moyale,KE,2020-08-05 17:48:51,3.52,39.06,69.89,71,66,9.55
458,Baymak,RU,2020-08-05 17:48:51,52.59,58.32,66.87,76,48,13.78
459,Skelleftea,SE,2020-08-05 17:46:55,64.75,20.95,68.0,48,51,10.29
460,Usinsk,RU,2020-08-05 17:48:51,65.99,57.53,63.32,85,91,12.28
461,Sandeid,NO,2020-08-05 17:48:51,59.54,5.86,60.01,93,75,13.87
462,Petropavlovsk-Kamchatskiy,RU,2020-08-05 17:48:51,53.05,158.65,51.8,100,90,4.47
463,Sechura,PE,2020-08-05 17:48:51,-5.56,-80.82,73.49,53,14,12.59
464,Nouakchott,MR,2020-08-05 17:47:19,18.09,-15.98,86.0,66,40,16.11
465,Mount Gambier,AU,2020-08-05 17:47:11,-37.83,140.77,35.6,100,90,1.12
466,Bonoua,CI,2020-08-05 17:48:51,5.27,-3.6,78.8,78,20,12.75
467,Mpika,ZM,2020-08-05 17:48:51,-11.83,31.45,61.43,51,0,5.3
468,Kloulklubed,PW,2020-08-05 17:48:52,7.04,134.26,77.0,94,90,12.8
469,Namibe,AO,2020-08-05 17:47:02,-15.2,12.15,63.59,86,22,13.29
470,Santa Fe,AR,2020-08-05 17:48:52,-31.63,-60.7,85.1,35,0,13.91
471,Ibra,OM,2020-08-05 17:47:15,22.69,58.53,94.84,39,50,4.03
472,Luanda,AO,2020-08-05 17:46:24,-8.84,13.23,75.2,69,20,10.29
473,Tazmalt,DZ,2020-08-05 17:47:02,36.39,4.4,80.6,54,0,10.29
474,Bontang,ID,2020-08-05 17:48:53,0.13,117.5,77.4,87,65,8.52
475,Khuzhir,RU,2020-08-05 17:48:53,53.19,107.34,59.14,71,89,15.26
476,Purranque,CL,2020-08-05 17:48:53,-40.92,-73.17,50.0,71,33,7.38
477,Toumodi,CI,2020-08-05 17:48:53,6.56,-5.02,84.2,51,40,6.93
478,Baruun-Urt,MN,2020-08-05 17:48:53,46.68,113.28,61.74,62,11,4.76
479,Nanchang,CN,2020-08-05 17:48:54,28.68,115.88,81.03,77,57,7.09
480,Toora-Khem,RU,2020-08-05 17:48:54,52.47,96.11,56.39,92,100,2.48
481,Maltahohe,NA,2020-08-05 17:48:54,-24.83,16.98,51.21,41,0,13.11
482,Bhawanipatna,IN,2020-08-05 17:48:54,19.9,83.17,76.62,89,100,5.68
483,Dahod,IN,2020-08-05 17:48:54,22.83,74.27,79.84,89,100,2.37
484,Nyimba,ZM,2020-08-05 17:48:55,-14.56,30.81,70.45,43,30,7.74
485,Kenora,CA,2020-08-05 17:48:55,49.82,-94.43,73.4,46,20,10.29
486,Marsa Matruh,EG,2020-08-05 17:48:55,31.35,27.25,82.4,74,0,11.41
487,Powassan,CA,2020-08-05 17:48:55,46.03,-79.35,66.0,63,75,14.99
488,Malartic,CA,2020-08-05 17:45:06,48.13,-78.13,60.8,77,90,9.17
489,Gaoual,GN,2020-08-05 17:48:56,11.75,-13.2,77.43,92,96,4.54
490,Hauterive,FR,2020-08-05 17:48:56,46.09,3.45,84.2,24,0,4.7
491,Mancio Lima,BR,2020-08-05 17:48:56,-7.61,-72.9,90.12,40,17,3.04
492,Vryburg,ZA,2020-08-05 17:48:56,-26.96,24.73,58.71,32,0,10.31
493,Pierre,US,2020-08-05 17:46:35,44.37,-100.35,62.6,93,90,4.7
494,Ajdabiya,LY,2020-08-05 17:48:56,30.76,20.23,86.29,29,0,8.08
495,La Victoria,VE,2020-08-05 17:48:56,10.22,-67.33,81.0,58,54,4.43
496,Rabo De Peixe,PT,2020-08-05 17:48:56,37.8,-25.58,75.2,83,20,12.75
497,Galesong,ID,2020-08-05 17:48:56,-5.32,119.37,77.0,94,20,3.36
498,Mocuba,MZ,2020-08-05 17:48:56,-16.84,36.99,68.77,70,0,7.34
499,Rybinsk,RU,2020-08-05 17:48:57,58.04,38.84,65.19,83,87,6.96
500,Tarauaca,BR,2020-08-05 17:48:57,-8.16,-70.77,95.47,30,0,3.02
501,Mirnyy,RU,2020-08-05 17:46:26,62.54,113.96,59.0,58,54,6.71
502,Iguape,BR,2020-08-05 17:48:57,-24.71,-47.56,70.27,72,13,8.05
503,Gwadar,PK,2020-08-05 17:48:57,25.12,62.33,85.42,83,2,7.52
504,Necochea,AR,2020-08-05 17:46:37,-38.55,-58.74,64.0,92,82,3.0
505,Marawi,PH,2020-08-05 17:48:57,8.0,124.29,75.99,95,93,3.0
506,Ebeltoft,DK,2020-08-05 17:48:57,56.19,10.68,68.0,82,90,5.82
507,Port Augusta,AU,2020-08-05 17:48:57,-32.5,137.77,48.2,66,100,6.71
508,Aksarka,RU,2020-08-05 17:46:49,66.56,67.8,59.95,64,28,7.65
509,Iranshahr,IR,2020-08-05 17:48:57,27.2,60.68,104.0,11,0,9.17
510,Joshimath,IN,2020-08-05 17:48:58,30.57,79.57,70.77,54,98,0.76
511,Nishihara,JP,2020-08-05 17:47:05,26.18,127.76,84.2,83,75,5.82
512,Palencia,ES,2020-08-05 17:48:58,42.42,-4.5,91.0,25,1,7.9
513,Abnub,EG,2020-08-05 17:48:58,27.27,31.15,93.2,34,0,11.41
514,San Carlos De Bariloche,AR,2020-08-05 17:48:58,-41.15,-71.31,35.6,100,75,19.46
515,Yarada,IN,2020-08-05 17:48:58,17.65,83.27,82.4,83,90,9.17
516,Inta,RU,2020-08-05 17:48:58,66.03,60.17,62.65,71,40,11.16
517,Manzhouli,CN,2020-08-05 17:48:58,49.6,117.43,57.0,92,28,2.73
518,Bako,ET,2020-08-05 17:48:59,5.78,36.57,61.83,90,20,3.53
519,Meadow Lake,US,2020-08-05 17:48:59,34.8,-106.54,91.0,22,40,5.75
520,Quimper,FR,2020-08-05 17:48:59,48.0,-4.1,69.8,77,75,11.41
521,Shilovo,RU,2020-08-05 17:48:59,54.32,40.87,63.9,72,33,2.86
522,Atagay,RU,2020-08-05 17:48:59,55.1,99.39,56.73,92,72,2.21
523,Nyagan,RU,2020-08-05 17:48:59,62.14,65.39,59.59,62,12,3.0
524,Muravlenko,RU,2020-08-05 17:48:59,63.79,74.52,58.44,60,0,4.14
525,Nouadhibou,MR,2020-08-05 17:48:59,20.93,-17.03,73.4,78,20,18.34
526,Gornoye Loo,RU,2020-08-05 17:48:59,43.71,39.6,75.2,78,20,4.47
527,Hofn,IS,2020-08-05 17:48:59,64.25,-15.21,51.8,93,90,12.75
528,Arman,RU,2020-08-05 17:47:02,59.7,150.17,54.03,68,0,2.53
529,Destin,US,2020-08-05 17:49:00,30.39,-86.5,89.6,62,1,5.82
530,Masallatah,LY,2020-08-05 17:49:00,32.62,14.0,75.27,81,1,16.31
531,Krasnoselkup,RU,2020-08-05 17:46:55,65.7,82.47,56.08,82,57,5.7
532,Merauke,ID,2020-08-05 17:47:08,-8.47,140.33,75.43,87,69,11.48
533,Hailar,CN,2020-08-05 17:49:00,49.2,119.7,57.49,96,0,1.9
534,Synya,RU,2020-08-05 17:49:00,65.37,58.04,62.31,85,75,7.25
535,Kholmogory,RU,2020-08-05 17:49:00,64.22,41.66,62.6,100,90,11.18
536,Hobyo,SO,2020-08-05 17:47:05,5.35,48.53,77.5,75,88,24.81
537,Port Stanley,FK,2020-08-05 17:49:00,-51.7,-57.85,44.6,75,20,21.92
538,Jacareacanga,BR,2020-08-05 17:49:00,-6.22,-57.75,99.09,24,0,4.21
539,Aitape,PG,2020-08-05 17:46:29,-3.14,142.35,77.68,82,43,4.54
540,Neryungri,RU,2020-08-05 17:49:01,56.67,124.65,49.62,70,39,1.36
541,San Quintin,MX,2020-08-05 17:49:01,30.48,-115.95,75.47,56,18,16.6
542,Kaeo,NZ,2020-08-05 17:46:22,-35.1,173.78,54.0,3,87,5.01
543,Westerland,DE,2020-08-05 17:49:01,54.91,8.3,69.8,68,49,12.75
544,Villaviciosa,ES,2020-08-05 17:49:01,43.48,-5.44,73.99,63,46,3.22
545,Pitiquito,MX,2020-08-05 17:49:01,30.7,-112.08,96.01,51,10,1.01
546,Oyama,JP,2020-08-05 17:49:01,36.3,139.8,84.0,88,40,4.7
547,Sesheke,ZM,2020-08-05 17:49:01,-17.48,24.3,73.4,31,0,2.24
548,Bolobo,CD,2020-08-05 17:49:01,-2.17,16.23,82.69,47,73,1.25
549,Thinadhoo,MV,2020-08-05 17:46:58,0.53,72.93,82.63,75,100,14.14
550,Belyy Yar,RU,2020-08-05 17:49:02,53.6,91.39,60.8,77,1,6.71
551,Manokwari,ID,2020-08-05 17:49:02,-0.87,134.08,78.3,83,97,4.83
552,Kaneohe,US,2020-08-05 17:49:02,21.42,-157.8,79.0,73,20,10.29
553,Danesti,RO,2020-08-05 17:49:02,46.52,25.75,73.0,73,0,7.7
554,Ilulissat,GL,2020-08-05 17:46:27,69.22,-51.1,41.0,86,90,3.36
555,Axim,GH,2020-08-05 17:49:02,4.87,-2.24,75.2,76,8,11.18
